[{"model": "admin.logentry", "pk": 1, "fields": {"action_time": "2023-02-11T08:01:08.993Z", "user": 1, "content_type": 6, "object_id": "2", "object_repr": "2. b1@b.bu - Иван Александров", "action_flag": 1, "change_message": "[{\"added\": {}}]"}}, {"model": "admin.logentry", "pk": 2, "fields": {"action_time": "2023-02-11T08:01:42.860Z", "user": 1, "content_type": 6, "object_id": "3", "object_repr": "3. s1@s.su - Сергей Суспензев", "action_flag": 1, "change_message": "[{\"added\": {}}]"}}, {"model": "admin.logentry", "pk": 3, "fields": {"action_time": "2023-02-11T08:02:52.993Z", "user": 1, "content_type": 6, "object_id": "4", "object_repr": "4. xca_perm@mail.ru - Сергей ", "action_flag": 1, "change_message": "[{\"added\": {}}]"}}, {"model": "admin.logentry", "pk": 4, "fields": {"action_time": "2023-02-11T17:03:54.489Z", "user": 1, "content_type": 17, "object_id": "561c373cb26b4884c3e40d14804c8470751deb20", "object_repr": "561c373cb26b4884c3e40d14804c8470751deb20", "action_flag": 1, "change_message": "[{\"added\": {}}]"}}, {"model": "admin.logentry", "pk": 5, "fields": {"action_time": "2023-02-11T18:48:12.665Z", "user": 1, "content_type": 17, "object_id": "c3e7d1369ca95c95a8e69f08552b82f4572796d5", "object_repr": "c3e7d1369ca95c95a8e69f08552b82f4572796d5", "action_flag": 1, "change_message": "[{\"added\": {}}]"}}, {"model": "admin.logentry", "pk": 6, "fields": {"action_time": "2023-02-11T21:03:02.961Z", "user": 1, "content_type": 7, "object_id": "1", "object_repr": "1. Лютые девайсы из Пермь", "action_flag": 1, "change_message": "[{\"added\": {}}]"}}, {"model": "admin.logentry", "pk": 7, "fields": {"action_time": "2023-02-11T21:06:14.097Z", "user": 1, "content_type": 7, "object_id": "2", "object_repr": "2. Крепкие орешки от Олежки из Березники", "action_flag": 1, "change_message": "[{\"added\": {}}]"}}, {"model": "admin.logentry", "pk": 8, "fields": {"action_time": "2023-02-11T21:46:54.457Z", "user": 1, "content_type": 17, "object_id": "f5bddc299ef8aa5d7f3f92d360811be9c91ca7d5", "object_repr": "f5bddc299ef8aa5d7f3f92d360811be9c91ca7d5", "action_flag": 1, "change_message": "[{\"added\": {}}]"}}, {"model": "admin.logentry", "pk": 9, "fields": {"action_time": "2023-02-11T21:50:25.580Z", "user": 1, "content_type": 12, "object_id": "1", "object_repr": "1. 3. s1@s.su - Сергей Суспензев - True", "action_flag": 1, "change_message": "[{\"added\": {}}]"}}, {"model": "admin.logentry", "pk": 10, "fields": {"action_time": "2023-02-11T21:51:23.213Z", "user": 1, "content_type": 12, "object_id": "2", "object_repr": "2. 3. s1@s.su - Сергей Суспензев - True", "action_flag": 1, "change_message": "[{\"added\": {}}]"}}, {"model": "admin.logentry", "pk": 11, "fields": {"action_time": "2023-02-11T22:09:39.689Z", "user": 1, "content_type": 12, "object_id": "1", "object_repr": "1. 3. s1@s.su - Сергей Суспензев - True", "action_flag": 2, "change_message": "[{\"changed\": {\"fields\": [\"\\u0418\\u043c\\u044f \\u0444\\u0430\\u0439\\u043b\\u0430\"]}}]"}}, {"model": "admin.logentry", "pk": 12, "fields": {"action_time": "2023-02-11T22:09:46.695Z", "user": 1, "content_type": 12, "object_id": "2", "object_repr": "2. 3. s1@s.su - Сергей Суспензев - True", "action_flag": 2, "change_message": "[{\"changed\": {\"fields\": [\"\\u0418\\u043c\\u044f \\u0444\\u0430\\u0439\\u043b\\u0430\"]}}]"}}, {"model": "admin.logentry", "pk": 13, "fields": {"action_time": "2023-02-11T22:54:29.373Z", "user": 1, "content_type": 7, "object_id": "3", "object_repr": "3. Альтер из д.Бобрята", "action_flag": 1, "change_message": "[{\"added\": {}}]"}}, {"model": "admin.logentry", "pk": 14, "fields": {"action_time": "2023-02-12T11:17:50.032Z", "user": 1, "content_type": 12, "object_id": "2", "object_repr": "2. 3. s1@s.su - Сергей Суспензев - True", "action_flag": 2, "change_message": "[{\"changed\": {\"fields\": [\"\\u041a\\u043e\\u043d\\u0442\\u0430\\u043a\\u0442\\u043d\\u043e\\u0435 \\u043b\\u0438\\u0446\\u043e\", \"\\u0422\\u0435\\u043b\\u0435\\u0444\\u043e\\u043d\"]}}]"}}, {"model": "admin.logentry", "pk": 15, "fields": {"action_time": "2023-02-12T11:19:16.270Z", "user": 1, "content_type": 12, "object_id": "1", "object_repr": "1. 3. s1@s.su - Сергей Суспензев - True", "action_flag": 2, "change_message": "[{\"changed\": {\"fields\": [\"\\u041a\\u043e\\u043d\\u0442\\u0430\\u043a\\u0442\\u043d\\u043e\\u0435 \\u043b\\u0438\\u0446\\u043e\", \"\\u0422\\u0435\\u043b\\u0435\\u0444\\u043e\\u043d\"]}}]"}}, {"model": "admin.logentry", "pk": 16, "fields": {"action_time": "2023-02-14T11:38:46.991Z", "user": 1, "content_type": 6, "object_id": "3", "object_repr": "3. s1@s.su - Сергей Суспензев-Великий", "action_flag": 2, "change_message": "[{\"changed\": {\"fields\": [\"Last name\"]}}]"}}, {"model": "admin.logentry", "pk": 17, "fields": {"action_time": "2023-02-14T12:27:40.366Z", "user": 1, "content_type": 6, "object_id": "6", "object_repr": "6. s2@s.su -  ", "action_flag": 1, "change_message": "[{\"added\": {}}]"}}, {"model": "admin.logentry", "pk": 18, "fields": {"action_time": "2023-02-14T12:28:28.685Z", "user": 1, "content_type": 6, "object_id": "6", "object_repr": "6. s2@s.su - Михаил Суслов", "action_flag": 2, "change_message": "[{\"changed\": {\"fields\": [\"First name\", \"Last name\", \"\\u041a\\u043e\\u043c\\u043f\\u0430\\u043d\\u0438\\u044f\", \"\\u0414\\u043e\\u043b\\u0436\\u043d\\u043e\\u0441\\u0442\\u044c\", \"\\u0422\\u0438\\u043f \\u043f\\u043e\\u043b\\u044c\\u0437\\u043e\\u0432\\u0430\\u0442\\u0435\\u043b\\u044f\", \"\\u0410\\u043a\\u0442\\u0438\\u0432\\u0435\\u043d\"]}}]"}}, {"model": "admin.logentry", "pk": 19, "fields": {"action_time": "2023-02-14T12:30:52.353Z", "user": 1, "content_type": 6, "object_id": "7", "object_repr": "7. s3@s.su -  ", "action_flag": 1, "change_message": "[{\"added\": {}}]"}}, {"model": "admin.logentry", "pk": 20, "fields": {"action_time": "2023-02-14T12:31:31.128Z", "user": 1, "content_type": 6, "object_id": "7", "object_repr": "7. s3@s.su - Святослав Наговицин", "action_flag": 2, "change_message": "[{\"changed\": {\"fields\": [\"First name\", \"Last name\", \"\\u041a\\u043e\\u043c\\u043f\\u0430\\u043d\\u0438\\u044f\", \"\\u0414\\u043e\\u043b\\u0436\\u043d\\u043e\\u0441\\u0442\\u044c\", \"\\u0422\\u0438\\u043f \\u043f\\u043e\\u043b\\u044c\\u0437\\u043e\\u0432\\u0430\\u0442\\u0435\\u043b\\u044f\", \"\\u0410\\u043a\\u0442\\u0438\\u0432\\u0435\\u043d\"]}}]"}}, {"model": "admin.logentry", "pk": 21, "fields": {"action_time": "2023-02-14T12:35:55.181Z", "user": 1, "content_type": 6, "object_id": "8", "object_repr": "8. b2@b.bu -  ", "action_flag": 1, "change_message": "[{\"added\": {}}]"}}, {"model": "admin.logentry", "pk": 22, "fields": {"action_time": "2023-02-14T12:38:04.086Z", "user": 1, "content_type": 6, "object_id": "8", "object_repr": "8. b2@b.bu - Роман Неустроев", "action_flag": 2, "change_message": "[{\"changed\": {\"fields\": [\"First name\", \"Last name\", \"\\u041a\\u043e\\u043c\\u043f\\u0430\\u043d\\u0438\\u044f\", \"\\u0414\\u043e\\u043b\\u0436\\u043d\\u043e\\u0441\\u0442\\u044c\", \"\\u0410\\u043a\\u0442\\u0438\\u0432\\u0435\\u043d\"]}}]"}}, {"model": "admin.logentry", "pk": 23, "fields": {"action_time": "2023-02-15T06:22:23.257Z", "user": 1, "content_type": 12, "object_id": "3", "object_repr": "3. Связной - True - 6", "action_flag": 1, "change_message": "[{\"added\": {}}]"}}, {"model": "admin.logentry", "pk": 24, "fields": {"action_time": "2023-02-15T06:26:26.626Z", "user": 1, "content_type": 12, "object_id": "4", "object_repr": "4. Девайс - True - 7", "action_flag": 1, "change_message": "[{\"added\": {}}]"}}, {"model": "admin.logentry", "pk": 25, "fields": {"action_time": "2023-02-15T07:23:12.088Z", "user": 1, "content_type": 17, "object_id": "9658819edceabe49e90e16281a5204766fdd9c37", "object_repr": "9658819edceabe49e90e16281a5204766fdd9c37", "action_flag": 1, "change_message": "[{\"added\": {}}]"}}, {"model": "admin.logentry", "pk": 26, "fields": {"action_time": "2023-02-15T07:23:33.943Z", "user": 1, "content_type": 17, "object_id": "165f989a74e084fceaa219b1b52d8df80fa5850b", "object_repr": "165f989a74e084fceaa219b1b52d8df80fa5850b", "action_flag": 1, "change_message": "[{\"added\": {}}]"}}, {"model": "admin.logentry", "pk": 27, "fields": {"action_time": "2023-02-15T08:32:51.240Z", "user": 1, "content_type": 6, "object_id": "3", "object_repr": "3. s1@s.su - Сергей Суспензев-Великий", "action_flag": 2, "change_message": "[{\"changed\": {\"fields\": [\"\\u0422\\u0438\\u043f \\u043f\\u043e\\u043b\\u044c\\u0437\\u043e\\u0432\\u0430\\u0442\\u0435\\u043b\\u044f\"]}}]"}}, {"model": "admin.logentry", "pk": 28, "fields": {"action_time": "2023-02-15T08:35:21.269Z", "user": 1, "content_type": 6, "object_id": "3", "object_repr": "3. s1@s.su - Сергей Суспензев-Великий", "action_flag": 2, "change_message": "[{\"changed\": {\"fields\": [\"\\u0422\\u0438\\u043f \\u043f\\u043e\\u043b\\u044c\\u0437\\u043e\\u0432\\u0430\\u0442\\u0435\\u043b\\u044f\"]}}]"}}, {"model": "admin.logentry", "pk": 29, "fields": {"action_time": "2023-02-15T13:26:48.969Z", "user": 1, "content_type": 12, "object_id": "5", "object_repr": "5. ИП Пирогов - True - 4", "action_flag": 1, "change_message": "[{\"added\": {}}]"}}, {"model": "admin.logentry", "pk": 30, "fields": {"action_time": "2023-02-15T13:51:10.546Z", "user": 1, "content_type": 6, "object_id": "4", "object_repr": "4. xca_perm@mail.ru - Сергей Пирогов", "action_flag": 2, "change_message": "[{\"changed\": {\"fields\": [\"\\u0422\\u0438\\u043f \\u043f\\u043e\\u043b\\u044c\\u0437\\u043e\\u0432\\u0430\\u0442\\u0435\\u043b\\u044f\"]}}]"}}, {"model": "admin.logentry", "pk": 31, "fields": {"action_time": "2023-02-15T13:56:14.849Z", "user": 1, "content_type": 12, "object_id": "2", "object_repr": "2. Мегафон-Простота - False - 3", "action_flag": 2, "change_message": "[{\"changed\": {\"fields\": [\"\\u0414\\u043e\\u0441\\u0442\\u0443\\u043f\\u043d\\u043e\\u0441\\u0442\\u044c \\u0434\\u043b\\u044f \\u0437\\u0430\\u043a\\u0430\\u0437\\u0430\"]}}]"}}, {"model": "admin.logentry", "pk": 32, "fields": {"action_time": "2023-02-15T14:10:19.956Z", "user": 1, "content_type": 12, "object_id": "2", "object_repr": "2. Мегафон-Простота - True - 3", "action_flag": 2, "change_message": "[{\"changed\": {\"fields\": [\"\\u0414\\u043e\\u0441\\u0442\\u0443\\u043f\\u043d\\u043e\\u0441\\u0442\\u044c \\u0434\\u043b\\u044f \\u0437\\u0430\\u043a\\u0430\\u0437\\u0430\"]}}]"}}, {"model": "admin.logentry", "pk": 33, "fields": {"action_time": "2023-02-18T13:25:29.332Z", "user": 1, "content_type": 6, "object_id": "4", "object_repr": "4. xca_perm@mail.ru - Сергей Пирогов", "action_flag": 2, "change_message": "[{\"changed\": {\"fields\": [\"\\u0422\\u0438\\u043f \\u043f\\u043e\\u043b\\u044c\\u0437\\u043e\\u0432\\u0430\\u0442\\u0435\\u043b\\u044f\"]}}]"}}, {"model": "admin.logentry", "pk": 34, "fields": {"action_time": "2023-02-18T20:26:52.013Z", "user": 1, "content_type": 12, "object_id": "4", "object_repr": "4. Девайс - False - 7", "action_flag": 2, "change_message": "[{\"changed\": {\"fields\": [\"\\u0414\\u043e\\u0441\\u0442\\u0443\\u043f\\u043d\\u043e\\u0441\\u0442\\u044c \\u0434\\u043b\\u044f \\u0437\\u0430\\u043a\\u0430\\u0437\\u0430\"]}}]"}}, {"model": "admin.logentry", "pk": 35, "fields": {"action_time": "2023-02-18T21:16:11.103Z", "user": 1, "content_type": 12, "object_id": "4", "object_repr": "4.Девайс-True-u:7", "action_flag": 2, "change_message": "[{\"changed\": {\"fields\": [\"\\u0414\\u043e\\u0441\\u0442\\u0443\\u043f\\u043d\\u043e\\u0441\\u0442\\u044c \\u0434\\u043b\\u044f \\u0437\\u0430\\u043a\\u0430\\u0437\\u0430\"]}}]"}}, {"model": "admin.logentry", "pk": 36, "fields": {"action_time": "2023-02-21T15:31:25.934Z", "user": 1, "content_type": 17, "object_id": "76f175ee8224eb44059f8385190cacf84e0a59a9", "object_repr": "76f175ee8224eb44059f8385190cacf84e0a59a9", "action_flag": 1, "change_message": "[{\"added\": {}}]"}}, {"model": "admin.logentry", "pk": 37, "fields": {"action_time": "2023-02-24T17:55:48.163Z", "user": 1, "content_type": 12, "object_id": "1", "object_repr": "1.Мегафон-Элит-False-u:3", "action_flag": 2, "change_message": "[{\"changed\": {\"fields\": [\"\\u0414\\u043e\\u0441\\u0442\\u0443\\u043f\\u043d\\u043e\\u0441\\u0442\\u044c \\u0434\\u043b\\u044f \\u0437\\u0430\\u043a\\u0430\\u0437\\u0430\"]}}]"}}, {"model": "admin.logentry", "pk": 38, "fields": {"action_time": "2023-02-28T16:37:44.892Z", "user": 1, "content_type": 17, "object_id": "4340ac189a5474fbac2be0f80b2655c22963df99", "object_repr": "4340ac189a5474fbac2be0f80b2655c22963df99", "action_flag": 1, "change_message": "[{\"added\": {}}]"}}, {"model": "admin.logentry", "pk": 39, "fields": {"action_time": "2023-02-28T16:45:38.282Z", "user": 1, "content_type": 6, "object_id": "4", "object_repr": "4. b3@bu.bu - Сергей Пирогов", "action_flag": 2, "change_message": "[{\"changed\": {\"fields\": [\"Email address\"]}}]"}}, {"model": "admin.logentry", "pk": 40, "fields": {"action_time": "2023-02-28T16:46:29.131Z", "user": 1, "content_type": 6, "object_id": "4", "object_repr": "4. u3@un.un - Сергей Пирогов", "action_flag": 2, "change_message": "[{\"changed\": {\"fields\": [\"Email address\"]}}]"}}, {"model": "admin.logentry", "pk": 41, "fields": {"action_time": "2023-02-28T16:47:50.393Z", "user": 1, "content_type": 7, "object_id": "1", "object_repr": "1. Лютые девайсы", "action_flag": 2, "change_message": "[{\"changed\": {\"fields\": [\"\\u041d\\u0430\\u0437\\u0432\\u0430\\u043d\\u0438\\u0435 \\u043d\\u0430\\u0441\\u0435\\u043b\\u0435\\u043d\\u043d\\u043e\\u0433\\u043e \\u043f\\u0443\\u043d\\u043a\\u0442\\u0430\", \"\\u0414\\u043e\\u043c\", \"\\u0421\\u0442\\u0440\\u043e\\u0435\\u043d\\u0438\\u0435\"]}}]"}}, {"model": "admin.logentry", "pk": 42, "fields": {"action_time": "2023-02-28T16:49:45.566Z", "user": 1, "content_type": 7, "object_id": "2", "object_repr": "2. Крепкие орешки от Олежки", "action_flag": 2, "change_message": "[{\"changed\": {\"fields\": [\"\\u0420\\u0435\\u0433\\u0438\\u043e\\u043d\", \"\\u041d\\u0430\\u0437\\u0432\\u0430\\u043d\\u0438\\u0435 \\u043d\\u0430\\u0441\\u0435\\u043b\\u0435\\u043d\\u043d\\u043e\\u0433\\u043e \\u043f\\u0443\\u043d\\u043a\\u0442\\u0430\", \"\\u0423\\u043b\\u0438\\u0446\\u0430\", \"\\u0414\\u043e\\u043c\"]}}]"}}, {"model": "auth.permission", "pk": 1, "fields": {"name": "Can add log entry", "content_type": 1, "codename": "add_logentry"}}, {"model": "auth.permission", "pk": 2, "fields": {"name": "Can change log entry", "content_type": 1, "codename": "change_logentry"}}, {"model": "auth.permission", "pk": 3, "fields": {"name": "Can delete log entry", "content_type": 1, "codename": "delete_logentry"}}, {"model": "auth.permission", "pk": 4, "fields": {"name": "Can view log entry", "content_type": 1, "codename": "view_logentry"}}, {"model": "auth.permission", "pk": 5, "fields": {"name": "Can add permission", "content_type": 2, "codename": "add_permission"}}, {"model": "auth.permission", "pk": 6, "fields": {"name": "Can change permission", "content_type": 2, "codename": "change_permission"}}, {"model": "auth.permission", "pk": 7, "fields": {"name": "Can delete permission", "content_type": 2, "codename": "delete_permission"}}, {"model": "auth.permission", "pk": 8, "fields": {"name": "Can view permission", "content_type": 2, "codename": "view_permission"}}, {"model": "auth.permission", "pk": 9, "fields": {"name": "Can add group", "content_type": 3, "codename": "add_group"}}, {"model": "auth.permission", "pk": 10, "fields": {"name": "Can change group", "content_type": 3, "codename": "change_group"}}, {"model": "auth.permission", "pk": 11, "fields": {"name": "Can delete group", "content_type": 3, "codename": "delete_group"}}, {"model": "auth.permission", "pk": 12, "fields": {"name": "Can view group", "content_type": 3, "codename": "view_group"}}, {"model": "auth.permission", "pk": 13, "fields": {"name": "Can add content type", "content_type": 4, "codename": "add_contenttype"}}, {"model": "auth.permission", "pk": 14, "fields": {"name": "Can change content type", "content_type": 4, "codename": "change_contenttype"}}, {"model": "auth.permission", "pk": 15, "fields": {"name": "Can delete content type", "content_type": 4, "codename": "delete_contenttype"}}, {"model": "auth.permission", "pk": 16, "fields": {"name": "Can view content type", "content_type": 4, "codename": "view_contenttype"}}, {"model": "auth.permission", "pk": 17, "fields": {"name": "Can add session", "content_type": 5, "codename": "add_session"}}, {"model": "auth.permission", "pk": 18, "fields": {"name": "Can change session", "content_type": 5, "codename": "change_session"}}, {"model": "auth.permission", "pk": 19, "fields": {"name": "Can delete session", "content_type": 5, "codename": "delete_session"}}, {"model": "auth.permission", "pk": 20, "fields": {"name": "Can view session", "content_type": 5, "codename": "view_session"}}, {"model": "auth.permission", "pk": 21, "fields": {"name": "Can add Пользователь", "content_type": 6, "codename": "add_customuser"}}, {"model": "auth.permission", "pk": 22, "fields": {"name": "Can change Пользователь", "content_type": 6, "codename": "change_customuser"}}, {"model": "auth.permission", "pk": 23, "fields": {"name": "Can delete Пользователь", "content_type": 6, "codename": "delete_customuser"}}, {"model": "auth.permission", "pk": 24, "fields": {"name": "Can view Пользователь", "content_type": 6, "codename": "view_customuser"}}, {"model": "auth.permission", "pk": 25, "fields": {"name": "Can add Контакты покупателя", "content_type": 7, "codename": "add_buyercontact"}}, {"model": "auth.permission", "pk": 26, "fields": {"name": "Can change Контакты покупателя", "content_type": 7, "codename": "change_buyercontact"}}, {"model": "auth.permission", "pk": 27, "fields": {"name": "Can delete Контакты покупателя", "content_type": 7, "codename": "delete_buyercontact"}}, {"model": "auth.permission", "pk": 28, "fields": {"name": "Can view Контакты покупателя", "content_type": 7, "codename": "view_buyercontact"}}, {"model": "auth.permission", "pk": 29, "fields": {"name": "Can add Заказ", "content_type": 8, "codename": "add_order"}}, {"model": "auth.permission", "pk": 30, "fields": {"name": "Can change Заказ", "content_type": 8, "codename": "change_order"}}, {"model": "auth.permission", "pk": 31, "fields": {"name": "Can delete Заказ", "content_type": 8, "codename": "delete_order"}}, {"model": "auth.permission", "pk": 32, "fields": {"name": "Can view Заказ", "content_type": 8, "codename": "view_order"}}, {"model": "auth.permission", "pk": 33, "fields": {"name": "Can add Название параметра", "content_type": 9, "codename": "add_parameter"}}, {"model": "auth.permission", "pk": 34, "fields": {"name": "Can change Название параметра", "content_type": 9, "codename": "change_parameter"}}, {"model": "auth.permission", "pk": 35, "fields": {"name": "Can delete Название параметра", "content_type": 9, "codename": "delete_parameter"}}, {"model": "auth.permission", "pk": 36, "fields": {"name": "Can view Название параметра", "content_type": 9, "codename": "view_parameter"}}, {"model": "auth.permission", "pk": 37, "fields": {"name": "Can add Продукт", "content_type": 10, "codename": "add_product"}}, {"model": "auth.permission", "pk": 38, "fields": {"name": "Can change Продукт", "content_type": 10, "codename": "change_product"}}, {"model": "auth.permission", "pk": 39, "fields": {"name": "Can delete Продукт", "content_type": 10, "codename": "delete_product"}}, {"model": "auth.permission", "pk": 40, "fields": {"name": "Can view Продукт", "content_type": 10, "codename": "view_product"}}, {"model": "auth.permission", "pk": 41, "fields": {"name": "Can add Информация о продукте поставщика", "content_type": 11, "codename": "add_productsupplier"}}, {"model": "auth.permission", "pk": 42, "fields": {"name": "Can change Информация о продукте поставщика", "content_type": 11, "codename": "change_productsupplier"}}, {"model": "auth.permission", "pk": 43, "fields": {"name": "Can delete Информация о продукте поставщика", "content_type": 11, "codename": "delete_productsupplier"}}, {"model": "auth.permission", "pk": 44, "fields": {"name": "Can view Информация о продукте поставщика", "content_type": 11, "codename": "view_productsupplier"}}, {"model": "auth.permission", "pk": 45, "fields": {"name": "Can add Поставщик", "content_type": 12, "codename": "add_supplier"}}, {"model": "auth.permission", "pk": 46, "fields": {"name": "Can change Поставщик", "content_type": 12, "codename": "change_supplier"}}, {"model": "auth.permission", "pk": 47, "fields": {"name": "Can delete Поставщик", "content_type": 12, "codename": "delete_supplier"}}, {"model": "auth.permission", "pk": 48, "fields": {"name": "Can view Поставщик", "content_type": 12, "codename": "view_supplier"}}, {"model": "auth.permission", "pk": 49, "fields": {"name": "Can add Параметр продукта поставщика", "content_type": 13, "codename": "add_productsupplierparameter"}}, {"model": "auth.permission", "pk": 50, "fields": {"name": "Can change Параметр продукта поставщика", "content_type": 13, "codename": "change_productsupplierparameter"}}, {"model": "auth.permission", "pk": 51, "fields": {"name": "Can delete Параметр продукта поставщика", "content_type": 13, "codename": "delete_productsupplierparameter"}}, {"model": "auth.permission", "pk": 52, "fields": {"name": "Can view Параметр продукта поставщика", "content_type": 13, "codename": "view_productsupplierparameter"}}, {"model": "auth.permission", "pk": 53, "fields": {"name": "Can add Категория продукта", "content_type": 14, "codename": "add_productcategory"}}, {"model": "auth.permission", "pk": 54, "fields": {"name": "Can change Категория продукта", "content_type": 14, "codename": "change_productcategory"}}, {"model": "auth.permission", "pk": 55, "fields": {"name": "Can delete Категория продукта", "content_type": 14, "codename": "delete_productcategory"}}, {"model": "auth.permission", "pk": 56, "fields": {"name": "Can view Категория продукта", "content_type": 14, "codename": "view_productcategory"}}, {"model": "auth.permission", "pk": 57, "fields": {"name": "Can add Заказанная позиция", "content_type": 15, "codename": "add_orderitem"}}, {"model": "auth.permission", "pk": 58, "fields": {"name": "Can change Заказанная позиция", "content_type": 15, "codename": "change_orderitem"}}, {"model": "auth.permission", "pk": 59, "fields": {"name": "Can delete Заказанная позиция", "content_type": 15, "codename": "delete_orderitem"}}, {"model": "auth.permission", "pk": 60, "fields": {"name": "Can view Заказанная позиция", "content_type": 15, "codename": "view_orderitem"}}, {"model": "auth.permission", "pk": 61, "fields": {"name": "Can add Токен подтверждения email", "content_type": 16, "codename": "add_confirmemailtoken"}}, {"model": "auth.permission", "pk": 62, "fields": {"name": "Can change Токен подтверждения email", "content_type": 16, "codename": "change_confirmemailtoken"}}, {"model": "auth.permission", "pk": 63, "fields": {"name": "Can delete Токен подтверждения email", "content_type": 16, "codename": "delete_confirmemailtoken"}}, {"model": "auth.permission", "pk": 64, "fields": {"name": "Can view Токен подтверждения email", "content_type": 16, "codename": "view_confirmemailtoken"}}, {"model": "auth.permission", "pk": 65, "fields": {"name": "Can add Token", "content_type": 17, "codename": "add_token"}}, {"model": "auth.permission", "pk": 66, "fields": {"name": "Can change Token", "content_type": 17, "codename": "change_token"}}, {"model": "auth.permission", "pk": 67, "fields": {"name": "Can delete Token", "content_type": 17, "codename": "delete_token"}}, {"model": "auth.permission", "pk": 68, "fields": {"name": "Can view Token", "content_type": 17, "codename": "view_token"}}, {"model": "auth.permission", "pk": 69, "fields": {"name": "Can add token", "content_type": 18, "codename": "add_tokenproxy"}}, {"model": "auth.permission", "pk": 70, "fields": {"name": "Can change token", "content_type": 18, "codename": "change_tokenproxy"}}, {"model": "auth.permission", "pk": 71, "fields": {"name": "Can delete token", "content_type": 18, "codename": "delete_tokenproxy"}}, {"model": "auth.permission", "pk": 72, "fields": {"name": "Can view token", "content_type": 18, "codename": "view_tokenproxy"}}, {"model": "auth.permission", "pk": 73, "fields": {"name": "Can add Password Reset Token", "content_type": 19, "codename": "add_resetpasswordtoken"}}, {"model": "auth.permission", "pk": 74, "fields": {"name": "Can change Password Reset Token", "content_type": 19, "codename": "change_resetpasswordtoken"}}, {"model": "auth.permission", "pk": 75, "fields": {"name": "Can delete Password Reset Token", "content_type": 19, "codename": "delete_resetpasswordtoken"}}, {"model": "auth.permission", "pk": 76, "fields": {"name": "Can view Password Reset Token", "content_type": 19, "codename": "view_resetpasswordtoken"}}, {"model": "auth.permission", "pk": 77, "fields": {"name": "Can add Покупатель", "content_type": 7, "codename": "add_buyer"}}, {"model": "auth.permission", "pk": 78, "fields": {"name": "Can change Покупатель", "content_type": 7, "codename": "change_buyer"}}, {"model": "auth.permission", "pk": 79, "fields": {"name": "Can delete Покупатель", "content_type": 7, "codename": "delete_buyer"}}, {"model": "auth.permission", "pk": 80, "fields": {"name": "Can view Покупатель", "content_type": 7, "codename": "view_buyer"}}, {"model": "contenttypes.contenttype", "pk": 1, "fields": {"app_label": "admin", "model": "logentry"}}, {"model": "contenttypes.contenttype", "pk": 2, "fields": {"app_label": "auth", "model": "permission"}}, {"model": "contenttypes.contenttype", "pk": 3, "fields": {"app_label": "auth", "model": "group"}}, {"model": "contenttypes.contenttype", "pk": 4, "fields": {"app_label": "contenttypes", "model": "contenttype"}}, {"model": "contenttypes.contenttype", "pk": 5, "fields": {"app_label": "sessions", "model": "session"}}, {"model": "contenttypes.contenttype", "pk": 6, "fields": {"app_label": "backend", "model": "customuser"}}, {"model": "contenttypes.contenttype", "pk": 7, "fields": {"app_label": "backend", "model": "buyer"}}, {"model": "contenttypes.contenttype", "pk": 8, "fields": {"app_label": "backend", "model": "order"}}, {"model": "contenttypes.contenttype", "pk": 9, "fields": {"app_label": "backend", "model": "parameter"}}, {"model": "contenttypes.contenttype", "pk": 10, "fields": {"app_label": "backend", "model": "product"}}, {"model": "contenttypes.contenttype", "pk": 11, "fields": {"app_label": "backend", "model": "productsupplier"}}, {"model": "contenttypes.contenttype", "pk": 12, "fields": {"app_label": "backend", "model": "supplier"}}, {"model": "contenttypes.contenttype", "pk": 13, "fields": {"app_label": "backend", "model": "productsupplierparameter"}}, {"model": "contenttypes.contenttype", "pk": 14, "fields": {"app_label": "backend", "model": "productcategory"}}, {"model": "contenttypes.contenttype", "pk": 15, "fields": {"app_label": "backend", "model": "orderitem"}}, {"model": "contenttypes.contenttype", "pk": 16, "fields": {"app_label": "backend", "model": "confirmemailtoken"}}, {"model": "contenttypes.contenttype", "pk": 17, "fields": {"app_label": "authtoken", "model": "token"}}, {"model": "contenttypes.contenttype", "pk": 18, "fields": {"app_label": "authtoken", "model": "tokenproxy"}}, {"model": "contenttypes.contenttype", "pk": 19, "fields": {"app_label": "django_rest_passwordreset", "model": "resetpasswordtoken"}}, {"model": "sessions.session", "pk": "le9h0p1vn64so300r3g04xnrypf8t97c", "fields": {"session_data": ".eJxVjDsOwyAQRO9CHaFdWINJmd5nQPwcnEQgGbuKcvdgyUUiTTXvzbyZdfuW7d7SapfIrgzZ5bfzLjxTOUB8uHKvPNSyrYvnh8JP2vhUY3rdTvfvILuW-9oBGpI09IAAk3D2AwrSSEHIUZngDcIYpVckQAs9BwIVELRRsSPJPl-UHjXg:1pX2yk:DNQ1KV_pFWoMgKAZTjaiVvOMmhq_HakDKn52zgxj9B0", "expire_date": "2023-03-14T16:37:26.238Z"}}, {"model": "sessions.session", "pk": "r8gsly4uvlzk77753vesxxwsxw26ois1", "fields": {"session_data": ".eJxVjDEOwjAMRe-SGUVNFEzMyM4ZIsd2SAGlUtNOiLtDpQ6w_vfef5lE61LT2nVOo5izcebwu2Xih7YNyJ3abbI8tWUes90Uu9Nur5Po87K7fweVev3W6HLxEAKHIRRwPKC6k_NOVSKBJ-DCHgr4qBhRFI8csWQS0UwlZvP-AODfONc:1pQkgT:vhTep4xoyxwZqtgJSTJqr5MmOqyOaU2UKGaQMDaDLf4", "expire_date": "2023-02-25T07:52:33.152Z"}}, {"model": "sessions.session", "pk": "vzsrp5oruxbe4bmpzx5awom1iqb3fqxo", "fields": {"session_data": ".eJxVjDEOwjAMRe-SGUVNFEzMyM4ZIsd2SAGlUtNOiLtDpQ6w_vfef5lE61LT2nVOo5izcebwu2Xih7YNyJ3abbI8tWUes90Uu9Nur5Po87K7fweVev3W6HLxEAKHIRRwPKC6k_NOVSKBJ-DCHgr4qBhRFI8csWQS0UwlZvP-AODfONc:1pVxZR:uZcJZNieQRoXtS1KiAvs1kvZ0yLt8-8gwJsdJT2w3x4", "expire_date": "2023-03-11T16:38:49.817Z"}}, {"model": "backend.customuser", "pk": 1, "fields": {"password": "pbkdf2_sha256$390000$D7H3xPIufSrlYJuXzB5n81$ssH0lnNR4Lp9lQSDpACdL0O1ldKcOcT4gW2Xq4eCeNU=", "last_login": "2023-02-28T16:37:26.236Z", "is_superuser": true, "first_name": "", "last_name": "", "is_staff": true, "date_joined": "2023-02-11T07:47:30.985Z", "email": "su@su.su", "company": "", "position": "", "is_active": true, "type": "buyer", "groups": [], "user_permissions": []}}, {"model": "backend.customuser", "pk": 2, "fields": {"password": "b1", "last_login": null, "is_superuser": false, "first_name": "Иван", "last_name": "Александров", "is_staff": false, "date_joined": "2023-02-11T07:58:33Z", "email": "b1@b.bu", "company": "Альтернатива", "position": "менеджер по закупкам", "is_active": true, "type": "buyer", "groups": [], "user_permissions": []}}, {"model": "backend.customuser", "pk": 3, "fields": {"password": "s1", "last_login": null, "is_superuser": false, "first_name": "Сергей", "last_name": "Суспензев-Великий", "is_staff": false, "date_joined": "2023-02-11T08:01:12Z", "email": "s1@s.su", "company": "Мегафон", "position": "Менеджер отдела продаж", "is_active": true, "type": "supplier", "groups": [], "user_permissions": []}}, {"model": "backend.customuser", "pk": 4, "fields": {"password": "pbkdf2_sha256$390000$Xly3uKD8X1JlTAFUWeTtyE$Yfz6+xsuXEZlk91nhVBk5i4av4BKIJYkWXzl+MYleYk=", "last_login": null, "is_superuser": false, "first_name": "Сергей", "last_name": "Пирогов", "is_staff": false, "date_joined": "2023-02-11T08:01:57Z", "email": "u3@un.un", "company": "ИП Пирогов", "position": "начальник какой-то", "is_active": true, "type": "buyer", "groups": [], "user_permissions": []}}, {"model": "backend.customuser", "pk": 5, "fields": {"password": "pbkdf2_sha256$390000$Xly3uKD8X1JlTAFUWeTtyE$Yfz6+xsuXEZlk91nhVBk5i4av4BKIJYWXzl+MYleYk=", "last_login": null, "is_superuser": false, "first_name": "", "last_name": "", "is_staff": false, "date_joined": "2023-02-11T19:51:03.423Z", "email": "eee@eee.ee", "company": "", "position": "", "is_active": false, "type": "buyer", "groups": [], "user_permissions": []}}, {"model": "backend.customuser", "pk": 6, "fields": {"password": "pbkdf2_sha256$390000$jp0fGX4WXtS4z7xOUY77Wq$Jysjpc/KApS32o1M6Sw4v1DoBos9Bv3/G5RLvlBkMdU=", "last_login": null, "is_superuser": false, "first_name": "Михаил", "last_name": "Суслов", "is_staff": false, "date_joined": "2023-02-14T12:27:40Z", "email": "s2@s.su", "company": "Связной групп", "position": "Менеджер отдела продаж", "is_active": true, "type": "supplier", "groups": [], "user_permissions": []}}, {"model": "backend.customuser", "pk": 7, "fields": {"password": "pbkdf2_sha256$390000$RVD2ImIlRssgBXXt88Eluu$jxLmvs9pvcQ5A7yGVu5EBSsIytOS5iwMK3UDb4ONHmM=", "last_login": null, "is_superuser": false, "first_name": "Святослав", "last_name": "Наговицин", "is_staff": false, "date_joined": "2023-02-14T12:30:52Z", "email": "s3@s.su", "company": "Девайс", "position": "Заместитель директора", "is_active": true, "type": "supplier", "groups": [], "user_permissions": []}}, {"model": "backend.customuser", "pk": 8, "fields": {"password": "pbkdf2_sha256$390000$KDhclIDtdiWCtso7seAia7$I2SMhSBhDAJJlCcXUQEUbM7FpV2wVEyoBNjUuB1xSe8=", "last_login": null, "is_superuser": false, "first_name": "Роман", "last_name": "Неустроев", "is_staff": false, "date_joined": "2023-02-14T12:35:55Z", "email": "b2@b.bu", "company": "Полет фантазии", "position": "Заместитель директора", "is_active": true, "type": "buyer", "groups": [], "user_permissions": []}}, {"model": "backend.confirmemailtoken", "pk": 2, "fields": {"user": 5, "email_token": "74f7fe9d74", "created_at": "2023-02-11T19:51:03.533Z"}}, {"model": "backend.supplier", "pk": 1, "fields": {"user": 3, "name": "Мегафон-Элит", "person": "Гарантов Геннадий", "phone": "+79889849300", "file_url": "http://www.sssssss.su/2.yaml", "is_available": false}}, {"model": "backend.supplier", "pk": 2, "fields": {"user": 3, "name": "Мегафон-Простота", "person": "Виола Валерий", "phone": "+79889849288", "file_url": "http://www.sssssss.su/2.yaml", "is_available": true}}, {"model": "backend.supplier", "pk": 3, "fields": {"user": 6, "name": "Связной", "person": "Кутепов Федор", "phone": "+79807280456", "file_url": "http://www.sssssss.su/3.yaml", "is_available": true}}, {"model": "backend.supplier", "pk": 4, "fields": {"user": 7, "name": "Девайс", "person": "Лузина Екатерина", "phone": "+79778256471", "file_url": "http://www.sssssss.su/4.yaml", "is_available": true}}, {"model": "backend.supplier", "pk": 5, "fields": {"user": 4, "name": "ИП Пирогов", "person": "Пирогов Сергей", "phone": "+79655782169", "file_url": "http://www.sssssss.su/5.yaml", "is_available": true}}, {"model": "backend.productcategory", "pk": 1, "fields": {"name": "Flash-накопители", "suppliers": [2, 3, 4, 5, 1]}}, {"model": "backend.productcategory", "pk": 8, "fields": {"name": "Жесткие диски", "suppliers": [2]}}, {"model": "backend.productcategory", "pk": 15, "fields": {"name": "Аксессуары", "suppliers": [2, 3, 5, 1]}}, {"model": "backend.productcategory", "pk": 18, "fields": {"name": "Телевизоры", "suppliers": [2, 4, 1]}}, {"model": "backend.productcategory", "pk": 224, "fields": {"name": "Смартфоны", "suppliers": [2, 3, 4, 5, 1]}}, {"model": "backend.product", "pk": 54, "fields": {"name": "Смартфон Apple iPhone XS Max 512GB (красный)", "category": 224}}, {"model": "backend.product", "pk": 55, "fields": {"name": "Смартфон Apple iPhone XR 256GB (черный)", "category": 224}}, {"model": "backend.product", "pk": 56, "fields": {"name": "Телевизор LED Samsung S24AM506NI (черный)", "category": 18}}, {"model": "backend.product", "pk": 57, "fields": {"name": "Телевизор LED Samsung QE75QN900BUXCE (серебристый)", "category": 18}}, {"model": "backend.product", "pk": 58, "fields": {"name": "Память USB Flash 32 ГБ Kingston DataTraveler Exodia", "category": 1}}, {"model": "backend.product", "pk": 59, "fields": {"name": "Смартфон Apple iPhone XS Max 512GB (золотистый)", "category": 224}}, {"model": "backend.product", "pk": 60, "fields": {"name": "Смартфон Apple iPhone XR 256GB (красный)", "category": 224}}, {"model": "backend.product", "pk": 61, "fields": {"name": "Смартфон Apple iPhone XR 128GB (синий)", "category": 224}}, {"model": "backend.product", "pk": 62, "fields": {"name": "Телевизор LED Samsung QE85QN800BUXCE (серый)", "category": 18}}, {"model": "backend.product", "pk": 63, "fields": {"name": "Память OTG USB Flash 1024 ГБ SanDisk Ultra", "category": 1}}, {"model": "backend.product", "pk": 64, "fields": {"name": "Телевизор LED Samsung LT32E315EX (черный)", "category": 18}}, {"model": "backend.product", "pk": 65, "fields": {"name": "Память USB Flash 64 ГБ Samsung BAR Plus", "category": 1}}, {"model": "backend.productsupplier", "pk": 91, "fields": {"product": 61, "supplier": 2, "external_id": 4891, "model": "apple/iphone/xr", "price": "59000.00", "price_rrc": "64970.00", "quantity": 15}}, {"model": "backend.productsupplier", "pk": 92, "fields": {"product": 56, "supplier": 2, "external_id": 1789412, "model": "Samsung", "price": "14000.00", "price_rrc": "18999.00", "quantity": 26}}, {"model": "backend.productsupplier", "pk": 93, "fields": {"product": 64, "supplier": 2, "external_id": 66611, "model": "Samsung", "price": "15500.00", "price_rrc": "18499.00", "quantity": 20}}, {"model": "backend.productsupplier", "pk": 94, "fields": {"product": 58, "supplier": 2, "external_id": 897, "model": "Kingston", "price": "517.25", "price_rrc": "599.00", "quantity": 48}}, {"model": "backend.productsupplier", "pk": 95, "fields": {"product": 65, "supplier": 2, "external_id": 879, "model": "Samsung-USB", "price": "1000.00", "price_rrc": "1299.00", "quantity": 51}}, {"model": "backend.productsupplier", "pk": 96, "fields": {"product": 59, "supplier": 1, "external_id": 11564, "model": "apple/iphone/xs-max", "price": "111000.00", "price_rrc": "115990.00", "quantity": 12}}, {"model": "backend.productsupplier", "pk": 97, "fields": {"product": 60, "supplier": 1, "external_id": 2641, "model": "apple/iphone/xr", "price": "64000.00", "price_rrc": "68990.01", "quantity": 14}}, {"model": "backend.productsupplier", "pk": 98, "fields": {"product": 55, "supplier": 1, "external_id": 3695, "model": "apple/iphone/xr", "price": "68000.00", "price_rrc": "72000.00", "quantity": 22}}, {"model": "backend.productsupplier", "pk": 99, "fields": {"product": 61, "supplier": 1, "external_id": 8456, "model": "apple/iphone/xr", "price": "60000.00", "price_rrc": "64990.00", "quantity": 16}}, {"model": "backend.productsupplier", "pk": 100, "fields": {"product": 57, "supplier": 1, "external_id": 5654, "model": "Samsung", "price": "680000.00", "price_rrc": "699999.00", "quantity": 15}}, {"model": "backend.productsupplier", "pk": 101, "fields": {"product": 62, "supplier": 1, "external_id": 6663, "model": "Samsung", "price": "685000.00", "price_rrc": "699999.00", "quantity": 24}}, {"model": "backend.productsupplier", "pk": 102, "fields": {"product": 63, "supplier": 1, "external_id": 1897, "model": "SanDisk", "price": "10000.00", "price_rrc": "12499.00", "quantity": 28}}, {"model": "backend.productsupplier", "pk": 103, "fields": {"product": 59, "supplier": 3, "external_id": 4216292, "model": "apple/iphone/xs-max", "price": "99999.00", "price_rrc": "101000.00", "quantity": 11}}, {"model": "backend.productsupplier", "pk": 104, "fields": {"product": 60, "supplier": 3, "external_id": 4216313, "model": "apple/iphone/xr", "price": "59999.00", "price_rrc": "61000.00", "quantity": 12}}, {"model": "backend.productsupplier", "pk": 105, "fields": {"product": 55, "supplier": 3, "external_id": 4216226, "model": "apple/iphone/xr", "price": "59999.00", "price_rrc": "61000.00", "quantity": 13}}, {"model": "backend.productsupplier", "pk": 106, "fields": {"product": 61, "supplier": 3, "external_id": 4672670, "model": "apple/iphone/xr", "price": "59999.00", "price_rrc": "61000.00", "quantity": 14}}, {"model": "backend.productsupplier", "pk": 107, "fields": {"product": 54, "supplier": 4, "external_id": 1571, "model": "apple/iphone/xs-max", "price": "112000.00", "price_rrc": "118999.99", "quantity": 25}}, {"model": "backend.productsupplier", "pk": 108, "fields": {"product": 55, "supplier": 4, "external_id": 1582, "model": "apple/iphone/xr", "price": "67000.01", "price_rrc": "71990.00", "quantity": 24}}, {"model": "backend.productsupplier", "pk": 109, "fields": {"product": 56, "supplier": 4, "external_id": 1593, "model": "Samsung", "price": "15000.00", "price_rrc": "17999.00", "quantity": 21}}, {"model": "backend.productsupplier", "pk": 110, "fields": {"product": 57, "supplier": 4, "external_id": 1614, "model": "Samsung", "price": "680000.00", "price_rrc": "699999.00", "quantity": 2}}, {"model": "backend.productsupplier", "pk": 111, "fields": {"product": 58, "supplier": 4, "external_id": 1711, "model": "Kingston", "price": "517.10", "price_rrc": "598.00", "quantity": 112}}, {"model": "backend.productsupplier", "pk": 112, "fields": {"product": 59, "supplier": 5, "external_id": 5551, "model": "apple/iphone/xs-max", "price": "112000.00", "price_rrc": "117990.00", "quantity": 9}}, {"model": "backend.productsupplier", "pk": 113, "fields": {"product": 60, "supplier": 5, "external_id": 5552, "model": "apple/iphone/xr", "price": "66000.00", "price_rrc": "68990.00", "quantity": 10}}, {"model": "backend.productsupplier", "pk": 114, "fields": {"product": 55, "supplier": 5, "external_id": 5553, "model": "apple/iphone/xr", "price": "66000.00", "price_rrc": "68990.00", "quantity": 18}}, {"model": "backend.productsupplier", "pk": 115, "fields": {"product": 61, "supplier": 5, "external_id": 5554, "model": "apple/iphone/xr", "price": "59000.00", "price_rrc": "62990.00", "quantity": 12}}, {"model": "backend.parameter", "pk": 1, "fields": {"name": "Диагональ (дюйм)"}}, {"model": "backend.parameter", "pk": 2, "fields": {"name": "Разрешение (пикс)"}}, {"model": "backend.parameter", "pk": 3, "fields": {"name": "Встроенная память (Гб)"}}, {"model": "backend.parameter", "pk": 4, "fields": {"name": "Камера (Мп)"}}, {"model": "backend.parameter", "pk": 5, "fields": {"name": "Цвет"}}, {"model": "backend.parameter", "pk": 6, "fields": {"name": "Smart TV"}}, {"model": "backend.parameter", "pk": 7, "fields": {"name": "HDMI"}}, {"model": "backend.parameter", "pk": 8, "fields": {"name": "Объем памяти (Гб)"}}, {"model": "backend.parameter", "pk": 9, "fields": {"name": "Интерфейс подключения"}}, {"model": "backend.productsupplierparameter", "pk": 350, "fields": {"product_supplier": 91, "parameter": 1, "value": "6.1"}}, {"model": "backend.productsupplierparameter", "pk": 351, "fields": {"product_supplier": 91, "parameter": 2, "value": "1792x828"}}, {"model": "backend.productsupplierparameter", "pk": 352, "fields": {"product_supplier": 91, "parameter": 3, "value": "256"}}, {"model": "backend.productsupplierparameter", "pk": 353, "fields": {"product_supplier": 91, "parameter": 5, "value": "синий"}}, {"model": "backend.productsupplierparameter", "pk": 354, "fields": {"product_supplier": 92, "parameter": 1, "value": "24"}}, {"model": "backend.productsupplierparameter", "pk": 355, "fields": {"product_supplier": 92, "parameter": 2, "value": "1920x1080 (FullHD)"}}, {"model": "backend.productsupplierparameter", "pk": 356, "fields": {"product_supplier": 92, "parameter": 6, "value": "есть"}}, {"model": "backend.productsupplierparameter", "pk": 357, "fields": {"product_supplier": 92, "parameter": 7, "value": "2"}}, {"model": "backend.productsupplierparameter", "pk": 358, "fields": {"product_supplier": 92, "parameter": 5, "value": "черный"}}, {"model": "backend.productsupplierparameter", "pk": 359, "fields": {"product_supplier": 93, "parameter": 1, "value": "32"}}, {"model": "backend.productsupplierparameter", "pk": 360, "fields": {"product_supplier": 93, "parameter": 2, "value": "1920x1080 (FullHD)"}}, {"model": "backend.productsupplierparameter", "pk": 361, "fields": {"product_supplier": 93, "parameter": 6, "value": "нет"}}, {"model": "backend.productsupplierparameter", "pk": 362, "fields": {"product_supplier": 93, "parameter": 7, "value": "2"}}, {"model": "backend.productsupplierparameter", "pk": 363, "fields": {"product_supplier": 93, "parameter": 5, "value": "черный"}}, {"model": "backend.productsupplierparameter", "pk": 364, "fields": {"product_supplier": 94, "parameter": 8, "value": "32"}}, {"model": "backend.productsupplierparameter", "pk": 365, "fields": {"product_supplier": 94, "parameter": 5, "value": "черный"}}, {"model": "backend.productsupplierparameter", "pk": 366, "fields": {"product_supplier": 96, "parameter": 1, "value": "6.5"}}, {"model": "backend.productsupplierparameter", "pk": 367, "fields": {"product_supplier": 96, "parameter": 2, "value": "2688x1242"}}, {"model": "backend.productsupplierparameter", "pk": 368, "fields": {"product_supplier": 96, "parameter": 3, "value": "512"}}, {"model": "backend.productsupplierparameter", "pk": 369, "fields": {"product_supplier": 96, "parameter": 4, "value": "12"}}, {"model": "backend.productsupplierparameter", "pk": 370, "fields": {"product_supplier": 96, "parameter": 5, "value": "золотистый"}}, {"model": "backend.productsupplierparameter", "pk": 371, "fields": {"product_supplier": 97, "parameter": 1, "value": "6.1"}}, {"model": "backend.productsupplierparameter", "pk": 372, "fields": {"product_supplier": 97, "parameter": 2, "value": "1792x828"}}, {"model": "backend.productsupplierparameter", "pk": 373, "fields": {"product_supplier": 97, "parameter": 3, "value": "256"}}, {"model": "backend.productsupplierparameter", "pk": 374, "fields": {"product_supplier": 97, "parameter": 5, "value": "красный"}}, {"model": "backend.productsupplierparameter", "pk": 375, "fields": {"product_supplier": 98, "parameter": 1, "value": "6.1"}}, {"model": "backend.productsupplierparameter", "pk": 376, "fields": {"product_supplier": 98, "parameter": 2, "value": "1792x828"}}, {"model": "backend.productsupplierparameter", "pk": 377, "fields": {"product_supplier": 98, "parameter": 3, "value": "256"}}, {"model": "backend.productsupplierparameter", "pk": 378, "fields": {"product_supplier": 98, "parameter": 5, "value": "черный"}}, {"model": "backend.productsupplierparameter", "pk": 379, "fields": {"product_supplier": 99, "parameter": 1, "value": "6.1"}}, {"model": "backend.productsupplierparameter", "pk": 380, "fields": {"product_supplier": 99, "parameter": 2, "value": "1792x828"}}, {"model": "backend.productsupplierparameter", "pk": 381, "fields": {"product_supplier": 99, "parameter": 3, "value": "256"}}, {"model": "backend.productsupplierparameter", "pk": 382, "fields": {"product_supplier": 99, "parameter": 5, "value": "синий"}}, {"model": "backend.productsupplierparameter", "pk": 383, "fields": {"product_supplier": 100, "parameter": 1, "value": "75"}}, {"model": "backend.productsupplierparameter", "pk": 384, "fields": {"product_supplier": 100, "parameter": 2, "value": "7680x4320 (UltraHD)"}}, {"model": "backend.productsupplierparameter", "pk": 385, "fields": {"product_supplier": 100, "parameter": 6, "value": "есть"}}, {"model": "backend.productsupplierparameter", "pk": 386, "fields": {"product_supplier": 100, "parameter": 5, "value": "серебристый"}}, {"model": "backend.productsupplierparameter", "pk": 387, "fields": {"product_supplier": 101, "parameter": 1, "value": "85"}}, {"model": "backend.productsupplierparameter", "pk": 388, "fields": {"product_supplier": 101, "parameter": 2, "value": "7680x4320 (UltraHD)"}}, {"model": "backend.productsupplierparameter", "pk": 389, "fields": {"product_supplier": 101, "parameter": 6, "value": "есть"}}, {"model": "backend.productsupplierparameter", "pk": 390, "fields": {"product_supplier": 101, "parameter": 5, "value": "серый"}}, {"model": "backend.productsupplierparameter", "pk": 391, "fields": {"product_supplier": 103, "parameter": 1, "value": "6.5"}}, {"model": "backend.productsupplierparameter", "pk": 392, "fields": {"product_supplier": 103, "parameter": 2, "value": "2688x1242"}}, {"model": "backend.productsupplierparameter", "pk": 393, "fields": {"product_supplier": 103, "parameter": 3, "value": "512"}}, {"model": "backend.productsupplierparameter", "pk": 394, "fields": {"product_supplier": 103, "parameter": 5, "value": "золотистый"}}, {"model": "backend.productsupplierparameter", "pk": 395, "fields": {"product_supplier": 104, "parameter": 1, "value": "6.1"}}, {"model": "backend.productsupplierparameter", "pk": 396, "fields": {"product_supplier": 104, "parameter": 2, "value": "1792x828"}}, {"model": "backend.productsupplierparameter", "pk": 397, "fields": {"product_supplier": 104, "parameter": 3, "value": "256"}}, {"model": "backend.productsupplierparameter", "pk": 398, "fields": {"product_supplier": 104, "parameter": 5, "value": "красный"}}, {"model": "backend.productsupplierparameter", "pk": 399, "fields": {"product_supplier": 105, "parameter": 1, "value": "6.1"}}, {"model": "backend.productsupplierparameter", "pk": 400, "fields": {"product_supplier": 105, "parameter": 2, "value": "1792x828"}}, {"model": "backend.productsupplierparameter", "pk": 401, "fields": {"product_supplier": 105, "parameter": 3, "value": "256"}}, {"model": "backend.productsupplierparameter", "pk": 402, "fields": {"product_supplier": 105, "parameter": 5, "value": "черный"}}, {"model": "backend.productsupplierparameter", "pk": 403, "fields": {"product_supplier": 106, "parameter": 1, "value": "6.1"}}, {"model": "backend.productsupplierparameter", "pk": 404, "fields": {"product_supplier": 106, "parameter": 2, "value": "1792x828"}}, {"model": "backend.productsupplierparameter", "pk": 405, "fields": {"product_supplier": 106, "parameter": 3, "value": "256"}}, {"model": "backend.productsupplierparameter", "pk": 406, "fields": {"product_supplier": 106, "parameter": 5, "value": "синий"}}, {"model": "backend.productsupplierparameter", "pk": 407, "fields": {"product_supplier": 107, "parameter": 1, "value": "6.5"}}, {"model": "backend.productsupplierparameter", "pk": 408, "fields": {"product_supplier": 107, "parameter": 2, "value": "2688x1242"}}, {"model": "backend.productsupplierparameter", "pk": 409, "fields": {"product_supplier": 107, "parameter": 3, "value": "512"}}, {"model": "backend.productsupplierparameter", "pk": 410, "fields": {"product_supplier": 107, "parameter": 4, "value": "12"}}, {"model": "backend.productsupplierparameter", "pk": 411, "fields": {"product_supplier": 107, "parameter": 5, "value": "красный"}}, {"model": "backend.productsupplierparameter", "pk": 412, "fields": {"product_supplier": 108, "parameter": 1, "value": "6.1"}}, {"model": "backend.productsupplierparameter", "pk": 413, "fields": {"product_supplier": 108, "parameter": 2, "value": "1792x828"}}, {"model": "backend.productsupplierparameter", "pk": 414, "fields": {"product_supplier": 108, "parameter": 3, "value": "256"}}, {"model": "backend.productsupplierparameter", "pk": 415, "fields": {"product_supplier": 108, "parameter": 5, "value": "черный"}}, {"model": "backend.productsupplierparameter", "pk": 416, "fields": {"product_supplier": 108, "parameter": 4, "value": "12"}}, {"model": "backend.productsupplierparameter", "pk": 417, "fields": {"product_supplier": 109, "parameter": 1, "value": "24"}}, {"model": "backend.productsupplierparameter", "pk": 418, "fields": {"product_supplier": 109, "parameter": 2, "value": "1920x1080 (FullHD)"}}, {"model": "backend.productsupplierparameter", "pk": 419, "fields": {"product_supplier": 109, "parameter": 6, "value": "есть"}}, {"model": "backend.productsupplierparameter", "pk": 420, "fields": {"product_supplier": 109, "parameter": 5, "value": "черный"}}, {"model": "backend.productsupplierparameter", "pk": 421, "fields": {"product_supplier": 110, "parameter": 1, "value": "75"}}, {"model": "backend.productsupplierparameter", "pk": 422, "fields": {"product_supplier": 110, "parameter": 2, "value": "7680x4320 (UltraHD)"}}, {"model": "backend.productsupplierparameter", "pk": 423, "fields": {"product_supplier": 110, "parameter": 6, "value": "есть"}}, {"model": "backend.productsupplierparameter", "pk": 424, "fields": {"product_supplier": 110, "parameter": 5, "value": "серебристый"}}, {"model": "backend.productsupplierparameter", "pk": 425, "fields": {"product_supplier": 111, "parameter": 8, "value": "32"}}, {"model": "backend.productsupplierparameter", "pk": 426, "fields": {"product_supplier": 111, "parameter": 5, "value": "черный"}}, {"model": "backend.productsupplierparameter", "pk": 427, "fields": {"product_supplier": 111, "parameter": 9, "value": "USB Type-A"}}, {"model": "backend.productsupplierparameter", "pk": 428, "fields": {"product_supplier": 112, "parameter": 1, "value": "6.5"}}, {"model": "backend.productsupplierparameter", "pk": 429, "fields": {"product_supplier": 112, "parameter": 2, "value": "2688x1242"}}, {"model": "backend.productsupplierparameter", "pk": 430, "fields": {"product_supplier": 112, "parameter": 3, "value": "512"}}, {"model": "backend.productsupplierparameter", "pk": 431, "fields": {"product_supplier": 112, "parameter": 5, "value": "золотистый"}}, {"model": "backend.productsupplierparameter", "pk": 432, "fields": {"product_supplier": 113, "parameter": 1, "value": "6.1"}}, {"model": "backend.productsupplierparameter", "pk": 433, "fields": {"product_supplier": 113, "parameter": 2, "value": "1792x828"}}, {"model": "backend.productsupplierparameter", "pk": 434, "fields": {"product_supplier": 113, "parameter": 3, "value": "256"}}, {"model": "backend.productsupplierparameter", "pk": 435, "fields": {"product_supplier": 113, "parameter": 5, "value": "красный"}}, {"model": "backend.productsupplierparameter", "pk": 436, "fields": {"product_supplier": 114, "parameter": 1, "value": "6.1"}}, {"model": "backend.productsupplierparameter", "pk": 437, "fields": {"product_supplier": 114, "parameter": 2, "value": "1792x828"}}, {"model": "backend.productsupplierparameter", "pk": 438, "fields": {"product_supplier": 114, "parameter": 3, "value": "256"}}, {"model": "backend.productsupplierparameter", "pk": 439, "fields": {"product_supplier": 114, "parameter": 5, "value": "черный"}}, {"model": "backend.productsupplierparameter", "pk": 440, "fields": {"product_supplier": 115, "parameter": 1, "value": "6.1"}}, {"model": "backend.productsupplierparameter", "pk": 441, "fields": {"product_supplier": 115, "parameter": 2, "value": "1792x828"}}, {"model": "backend.productsupplierparameter", "pk": 442, "fields": {"product_supplier": 115, "parameter": 3, "value": "256"}}, {"model": "backend.productsupplierparameter", "pk": 443, "fields": {"product_supplier": 115, "parameter": 5, "value": "синий"}}, {"model": "backend.buyer", "pk": 1, "fields": {"user": 4, "name": "Лютые девайсы", "person": "Пузиков Антон", "phone": "+79129849245", "region": "", "district": "", "locality_name": "Ижевск", "street": "Ленина", "house": "15", "structure": "1", "building": "А", "apartment": ""}}, {"model": "backend.buyer", "pk": 2, "fields": {"user": 4, "name": "Крепкие орешки от Олежки", "person": "Вещий Олег", "phone": "+79012770188", "region": "Курганская область", "district": "", "locality_name": "Шадринск", "street": "Гуляева", "house": "15", "structure": "", "building": "", "apartment": ""}}, {"model": "backend.buyer", "pk": 3, "fields": {"user": 2, "name": "Альтер", "person": "Иосифов Ульян", "phone": "+79586548152", "region": "", "district": "", "locality_name": "д.Бобрята", "street": "", "house": "5", "structure": "", "building": "", "apartment": ""}}, {"model": "backend.order", "pk": 17, "fields": {"buyer": 2, "created_at": "2023-02-19T07:55:48.827Z", "updated_at": "2023-02-19T07:55:48.827Z", "state": "assembled"}}, {"model": "backend.order", "pk": 18, "fields": {"buyer": 1, "created_at": "2023-02-19T07:55:48.840Z", "updated_at": "2023-02-19T07:55:48.840Z", "state": "confirmed"}}, {"model": "backend.order", "pk": 19, "fields": {"buyer": 2, "created_at": "2023-02-20T17:26:51.432Z", "updated_at": "2023-02-20T17:26:51.432Z", "state": "new"}}, {"model": "backend.order", "pk": 20, "fields": {"buyer": 1, "created_at": "2023-02-20T17:26:51.450Z", "updated_at": "2023-02-20T17:26:51.450Z", "state": "new"}}, {"model": "backend.order", "pk": 21, "fields": {"buyer": 2, "created_at": "2023-02-20T17:56:20.910Z", "updated_at": "2023-02-20T17:56:20.910Z", "state": "confirmed"}}, {"model": "backend.order", "pk": 22, "fields": {"buyer": 1, "created_at": "2023-02-20T17:56:20.927Z", "updated_at": "2023-02-20T17:56:20.927Z", "state": "basket"}}, {"model": "backend.order", "pk": 23, "fields": {"buyer": 2, "created_at": "2023-02-20T22:31:59.236Z", "updated_at": "2023-02-20T22:31:59.236Z", "state": "basket"}}, {"model": "backend.order", "pk": 24, "fields": {"buyer": 3, "created_at": "2023-02-21T15:36:38.758Z", "updated_at": "2023-02-21T15:36:38.758Z", "state": "basket"}}, {"model": "backend.orderitem", "pk": 59, "fields": {"order": 18, "product_supplier": 109, "quantity": 3}}, {"model": "backend.orderitem", "pk": 62, "fields": {"order": 17, "product_supplier": 108, "quantity": 8}}, {"model": "backend.orderitem", "pk": 68, "fields": {"order": 17, "product_supplier": 92, "quantity": 1}}, {"model": "backend.orderitem", "pk": 69, "fields": {"order": 17, "product_supplier": 102, "quantity": 2}}, {"model": "backend.orderitem", "pk": 70, "fields": {"order": 17, "product_supplier": 107, "quantity": 8}}, {"model": "backend.orderitem", "pk": 71, "fields": {"order": 18, "product_supplier": 107, "quantity": 3}}, {"model": "backend.orderitem", "pk": 72, "fields": {"order": 18, "product_supplier": 92, "quantity": 4}}, {"model": "backend.orderitem", "pk": 73, "fields": {"order": 18, "product_supplier": 106, "quantity": 1}}, {"model": "backend.orderitem", "pk": 74, "fields": {"order": 19, "product_supplier": 101, "quantity": 2}}, {"model": "backend.orderitem", "pk": 75, "fields": {"order": 19, "product_supplier": 114, "quantity": 1}}, {"model": "backend.orderitem", "pk": 76, "fields": {"order": 19, "product_supplier": 104, "quantity": 3}}, {"model": "backend.orderitem", "pk": 77, "fields": {"order": 20, "product_supplier": 98, "quantity": 6}}, {"model": "backend.orderitem", "pk": 78, "fields": {"order": 20, "product_supplier": 95, "quantity": 3}}, {"model": "backend.orderitem", "pk": 79, "fields": {"order": 20, "product_supplier": 91, "quantity": 5}}, {"model": "backend.orderitem", "pk": 80, "fields": {"order": 21, "product_supplier": 107, "quantity": 6}}, {"model": "backend.orderitem", "pk": 81, "fields": {"order": 21, "product_supplier": 108, "quantity": 3}}, {"model": "backend.orderitem", "pk": 82, "fields": {"order": 21, "product_supplier": 103, "quantity": 4}}, {"model": "backend.orderitem", "pk": 83, "fields": {"order": 22, "product_supplier": 92, "quantity": 1}}, {"model": "backend.orderitem", "pk": 84, "fields": {"order": 22, "product_supplier": 108, "quantity": 2}}, {"model": "backend.orderitem", "pk": 85, "fields": {"order": 23, "product_supplier": 111, "quantity": 1}}, {"model": "backend.orderitem", "pk": 86, "fields": {"order": 23, "product_supplier": 108, "quantity": 3}}, {"model": "backend.orderitem", "pk": 87, "fields": {"order": 23, "product_supplier": 112, "quantity": 1}}, {"model": "backend.orderitem", "pk": 88, "fields": {"order": 22, "product_supplier": 106, "quantity": 1}}, {"model": "backend.orderitem", "pk": 89, "fields": {"order": 22, "product_supplier": 115, "quantity": 1}}, {"model": "backend.orderitem", "pk": 90, "fields": {"order": 24, "product_supplier": 111, "quantity": 1}}, {"model": "backend.orderitem", "pk": 91, "fields": {"order": 24, "product_supplier": 108, "quantity": 1}}, {"model": "backend.orderitem", "pk": 92, "fields": {"order": 24, "product_supplier": 112, "quantity": 1}}, {"model": "authtoken.token", "pk": "165f989a74e084fceaa219b1b52d8df80fa5850b", "fields": {"user": 7, "created": "2023-02-15T07:23:33.943Z"}}, {"model": "authtoken.token", "pk": "3aebf112726480bdcb96264564eba74f6f71f8e3", "fields": {"user": 4, "created": "2023-02-11T19:53:43.147Z"}}, {"model": "authtoken.token", "pk": "4340ac189a5474fbac2be0f80b2655c22963df99", "fields": {"user": 1, "created": "2023-02-28T16:37:44.891Z"}}, {"model": "authtoken.token", "pk": "76f175ee8224eb44059f8385190cacf84e0a59a9", "fields": {"user": 2, "created": "2023-02-21T15:31:25.933Z"}}, {"model": "authtoken.token", "pk": "9658819edceabe49e90e16281a5204766fdd9c37", "fields": {"user": 6, "created": "2023-02-15T07:23:12.087Z"}}, {"model": "authtoken.token", "pk": "f5bddc299ef8aa5d7f3f92d360811be9c91ca7d5", "fields": {"user": 3, "created": "2023-02-11T21:46:54.457Z"}}, {"model": "django_rest_passwordreset.resetpasswordtoken", "pk": 2, "fields": {"user": 4, "created_at": "2023-02-25T16:43:02.515Z", "key": "4bbcdbed8aa051a49d24db56d364fcf29d3a8386ece", "ip_address": "127.0.0.1", "user_agent": "PostmanRuntime/7.29.2"}}]